{
    "name": "root",
    "gauges": {
        "JumperAgent.Policy.Entropy.mean": {
            "value": 0.030373603105545044,
            "min": 0.030373603105545044,
            "max": 0.6931225657463074,
            "count": 91
        },
        "JumperAgent.Policy.Entropy.sum": {
            "value": 61.871028900146484,
            "min": 61.871028900146484,
            "max": 1863.09228515625,
            "count": 91
        },
        "JumperAgent.Step.mean": {
            "value": 181957.0,
            "min": 1984.0,
            "max": 181957.0,
            "count": 91
        },
        "JumperAgent.Step.sum": {
            "value": 181957.0,
            "min": 1984.0,
            "max": 181957.0,
            "count": 91
        },
        "JumperAgent.Policy.ExtrinsicValueEstimate.mean": {
            "value": -0.25289684534072876,
            "min": -0.5837780833244324,
            "max": -0.25289684534072876,
            "count": 91
        },
        "JumperAgent.Policy.ExtrinsicValueEstimate.sum": {
            "value": -7.839801788330078,
            "min": -22.027029037475586,
            "max": -7.839801788330078,
            "count": 91
        },
        "JumperAgent.IsTraining.mean": {
            "value": 1.0,
            "min": 1.0,
            "max": 1.0,
            "count": 91
        },
        "JumperAgent.IsTraining.sum": {
            "value": 1.0,
            "min": 1.0,
            "max": 1.0,
            "count": 91
        },
        "JumperAgent.Losses.PolicyLoss.mean": {
            "value": 0.05924918514210731,
            "min": 0.04804405143174032,
            "max": 0.08519905479624867,
            "count": 85
        },
        "JumperAgent.Losses.PolicyLoss.sum": {
            "value": 0.05924918514210731,
            "min": 0.04804405143174032,
            "max": 0.08519905479624867,
            "count": 85
        },
        "JumperAgent.Losses.ValueLoss.mean": {
            "value": 0.058808692187691726,
            "min": 0.015091344433289671,
            "max": 0.0924221605528146,
            "count": 85
        },
        "JumperAgent.Losses.ValueLoss.sum": {
            "value": 0.058808692187691726,
            "min": 0.015091344433289671,
            "max": 0.0924221605528146,
            "count": 85
        },
        "JumperAgent.Policy.LearningRate.mean": {
            "value": 0.00029999999999459436,
            "min": 0.00029999999999459436,
            "max": 0.0002999999999999192,
            "count": 85
        },
        "JumperAgent.Policy.LearningRate.sum": {
            "value": 0.00029999999999459436,
            "min": 0.00029999999999459436,
            "max": 0.0002999999999999192,
            "count": 85
        },
        "JumperAgent.Policy.Epsilon.mean": {
            "value": 0.1999999999981981,
            "min": 0.1999999999981981,
            "max": 0.19999999999997306,
            "count": 85
        },
        "JumperAgent.Policy.Epsilon.sum": {
            "value": 0.1999999999981981,
            "min": 0.1999999999981981,
            "max": 0.19999999999997306,
            "count": 85
        },
        "JumperAgent.Policy.Beta.mean": {
            "value": 0.0005,
            "min": 0.0005,
            "max": 0.0005,
            "count": 85
        },
        "JumperAgent.Policy.Beta.sum": {
            "value": 0.0005,
            "min": 0.0005,
            "max": 0.0005,
            "count": 85
        },
        "JumperAgent.Environment.EpisodeLength.mean": {
            "value": 488.0,
            "min": 465.0,
            "max": 1089.0,
            "count": 77
        },
        "JumperAgent.Environment.EpisodeLength.sum": {
            "value": 488.0,
            "min": 465.0,
            "max": 9366.0,
            "count": 77
        },
        "JumperAgent.Environment.CumulativeReward.mean": {
            "value": -2.5,
            "min": -4.566666666666666,
            "max": -2.5,
            "count": 77
        },
        "JumperAgent.Environment.CumulativeReward.sum": {
            "value": -2.5,
            "min": -68.5,
            "max": -2.5,
            "count": 77
        },
        "JumperAgent.Policy.ExtrinsicReward.mean": {
            "value": -2.5,
            "min": -4.566666666666666,
            "max": -2.5,
            "count": 77
        },
        "JumperAgent.Policy.ExtrinsicReward.sum": {
            "value": -2.5,
            "min": -68.5,
            "max": -2.5,
            "count": 77
        }
    },
    "metadata": {
        "timer_format_version": "0.1.0",
        "start_time_seconds": "1682000337",
        "python_version": "3.9.13 (main, Aug 25 2022, 23:51:50) [MSC v.1916 64 bit (AMD64)]",
        "command_line_arguments": "C:\\Users\\noahd\\anaconda3\\Scripts\\mlagents-learn Config/JumperAgent.yaml --run-id=JumperAgent --force",
        "mlagents_version": "0.30.0",
        "mlagents_envs_version": "0.30.0",
        "communication_protocol_version": "1.5.0",
        "pytorch_version": "1.7.1+cu110",
        "numpy_version": "1.21.2",
        "end_time_seconds": "1682000529"
    },
    "total": 192.4228523,
    "count": 1,
    "self": 0.005166800000012017,
    "children": {
        "run_training.setup": {
            "total": 0.0764336000000001,
            "count": 1,
            "self": 0.0764336000000001
        },
        "TrainerController.start_learning": {
            "total": 192.34125189999997,
            "count": 1,
            "self": 0.11463359999913791,
            "children": {
                "TrainerController._reset_env": {
                    "total": 8.6945126,
                    "count": 1,
                    "self": 8.6945126
                },
                "TrainerController.advance": {
                    "total": 183.47143040000083,
                    "count": 8717,
                    "self": 0.10244070000038619,
                    "children": {
                        "env_step": {
                            "total": 116.28462690000012,
                            "count": 8717,
                            "self": 94.46306910000126,
                            "children": {
                                "SubprocessEnvManager._take_step": {
                                    "total": 21.751762799998687,
                                    "count": 8717,
                                    "self": 0.40930629999930446,
                                    "children": {
                                        "TorchPolicy.evaluate": {
                                            "total": 21.342456499999383,
                                            "count": 8717,
                                            "self": 21.342456499999383
                                        }
                                    }
                                },
                                "workers": {
                                    "total": 0.06979500000017858,
                                    "count": 8716,
                                    "self": 0.0,
                                    "children": {
                                        "worker_root": {
                                            "total": 125.18033070000047,
                                            "count": 8716,
                                            "is_parallel": true,
                                            "self": 101.74091560000002,
                                            "children": {
                                                "steps_from_proto": {
                                                    "total": 0.00028320000000015,
                                                    "count": 1,
                                                    "is_parallel": true,
                                                    "self": 0.00012209999999956977,