{"count":1,"self":71.4323008,"total":440.82158619999996,"children":{"InitializeActuators":{"count":11,"self":0,"total":0,"children":null},"InitializeSensors":{"count":11,"self":0.0019741999999999997,"total":0.0019741999999999997,"children":null},"AgentSendState":{"count":169934,"self":1.2113737,"total":3.1470203999999997,"children":{"CollectObservations":{"count":373857,"self":0.087049599999999991,"total":0.087049599999999991,"children":null},"WriteActionMask":{"count":373857,"self":0.0962557,"total":0.0962557,"children":null},"RequestDecision":{"count":373857,"self":0.43318819999999997,"total":1.7523414,"children":{"AgentInfo.ToProto":{"count":373857,"self":0.3493497,"total":1.3191532,"children":{"GenerateSensorData":{"count":373857,"self":0.8304695,"total":0.96980349999999993,"children":{"RayPerceptionSensor.Perceive":{"count":373857,"self":0.13933399999999999,"total":0.13933399999999999,"children":null}}}}}}}}},"DecideAction":{"count":169934,"self":365.55317759999997,"total":365.5531794,"children":null},"AgentAct":{"count":169934,"self":0.6625454,"total":0.6625454,"children":null},"AgentInfo.ToProto":{"count":2275,"self":0.0085673,"total":0.024564799999999998,"children":{"GenerateSensorData":{"count":2275,"self":0.012233899999999999,"total":0.015997499999999998,"children":{"RayPerceptionSensor.Perceive":{"count":2275,"self":0.0037635999999999998,"total":0.0037635999999999998,"children":null}}}}}},"gauges":{"JumperAgent.CumulativeReward":{"count":2275,"max":2.5,"min":-4,"runningAverage":-0.396921426,"value":1,"weightedAverage":1.55368841}},"metadata":{"timer_format_version":"0.1.0","start_time_seconds":"1682014005","unity_version":"2021.3.23f1","command_line_arguments":"C:\\Program Files\\Unity\\Hub\\Editor\\2021.3.23f1\\Editor\\Unity.exe -projectpath C:\\Users\\noahd\\Documents\\AP\\VR Experience\\Jumper Assignment\\jumper-assignment -useHub -hubIPC -cloudEnvironment production -licensingIpc LicenseClient-noahd -hubSessionId 03b1f150-dfa3-11ed-81d0-81b9d18975e3 -accessToken yHTuJcfC7ks792WgcPTgJiXTNNRFKrM2H8c2rtMsw0w012f","communication_protocol_version":"1.5.0","com.unity.ml-agents_version":"2.0.1","scene_name":"SampleScene","end_time_seconds":"1682014445"}}